steering_strength,generated_text,flesch_kincaid_grade,flesch_reading_ease,avg_sentence_length,avg_syllables_per_word,sentence_count,word_count
-5.0,"ease?
model
Okay, let's talk about Quantum Mechanics! It's a really tricky thing to explain, and it's something that even scientists still don't completely understand. But I can give you a good idea of the basics and the weird things it says about how the world works.

**What is it?**

Basically, Quantum Mechanics is the science that describes how things work at the really, really small stuff:  **tiny things like atoms,  ** 

**It's Different From What We're Used To**

Our everyday life is made up of things that are:

* **You can know exactly where something is:** You can look at a ball and know exactly where it is.
* **You can know exactly how fast it's moving:** You can see a car and know how fast it's going.
* **Things have a certain,  ** 

But  ****  ****  ****  ****",7.74215921483097,72.88732824427481,18.714285714285715,1.3587786259541985,7,131
-4.75,"ease?
model
Okay, let's talk about Quantum Mechanics! It's a really tricky thing to explain, and it's something that even scientists still don't completely understand. But I can give you a good idea of the basics and the weird things it says about how the world works.

**The Big Idea: It's Different From What We're Used To**

We're used to things being things. A ball is a ball. It has a certain size, a certain speed, and you can know exactly where it is and how fast it's going.  That's how things work in our everyday lives – we can use things like **Newton's Laws of Motion** to explain them.

But Quantum Mechanics says that at the really, really small things – like tiny little things like atoms and the stuff inside them (like electrons and  **qu****u****s**** 

**Here's a breakdown of the important ideas:**",7.61982394366197,72.04691901408454,17.75,1.380281690140845,8,142
-4.5,"ease?
model
Okay, let's talk about Quantum Mechanics! It's a really tricky thing to explain, and it's something that even scientists still don't completely understand. But I can give you a good basic idea of what it is and why it's so weird.

**The Big Idea: It's Different From How We See Things**

We live in a world that feels really...  *normal*. Things have a certain way they act:

* **You can know where something is:** You can look at a ball and know exactly where it is.
* **Things move in a certain way:**  You can predict how a ball will move if you throw it.
* **Things have a certain size:**  You can say a ball is a certain size.

Quantum Mechanics says that this isn't always true!  It says that things at the really, really small things – like tiny things like atoms and the stuff inside them (like electrons)",6.309619686800897,79.312990305742,16.555555555555557,1.308724832214765,9,149
-4.25,"ease?
model
Okay, let's talk about quantum mechanics! It's a really tricky thing to explain, and it's something that even scientists still don't completely understand. But I can give you a good basic idea of what it is and why it's so weird.

**The Big Idea: It's Different From How We See Things**

We live in a world that feels really...  *normal*. Things have a certain way they act:

* **You can know where something is:** You can look at a ball and know exactly where it is.
* **Things move in a certain way:**  A ball you throw will follow a predictable path.
* **Things have a certain size and shape:**  You can measure a ball and know how big it is.

Quantum mechanics says that this isn't always true!  It says that at the really, really small things – like tiny little things called **particles** (like electrons, or even",6.673877551020407,76.30564625850343,16.333333333333332,1.346938775510204,9,147
-4.0,"ease?
model
Okay, let's talk about quantum mechanics! It's a really tricky thing to explain, and honestly, even scientists don't completely understand it. But I can give you a good basic idea of what it is and some of its weirdest ideas. 

**The Big Picture: It's Different From What We're Used To**

We live in a world that feels like it works like a really big, smooth machine. Things have a certain place, a certain speed, and you can usually know both things really well.  Quantum mechanics says that's not how things work at the really, really small stuff – like tiny things like atoms and the things inside them. 

**Here's a breakdown of the key ideas:**

**1.  Everything is Made of Tiny Things:**

* **You Can't Just Look:**  Everything is made of tiny things called **particles** (like electrons,  and even smaller things like quarks and things",7.998750000000001,69.99812500000003,18.125,1.4,8,145
-3.75,"ease?
model
Okay, let's talk about quantum mechanics! It's a really tricky thing to explain, and honestly, even scientists don't completely understand it. But I can give you a good basic idea of what it is and some of its weirdest ideas. 

**The Big Picture: It's Different From What We're Used To**

We live in a world that feels like it works like a really big, smooth machine. Things have a certain place, a certain speed, and you can usually know both things really well.  Quantum mechanics says that's not true at the really, really small level – like the world of tiny things like atoms and the stuff inside them. 

**Here's a breakdown of the key ideas:**

**1.  Everything is Made of Tiny Bits:**

* **Things are made of tiny things:**  Everything you see, feel, and touch is made of tiny things called **particles** (like tiny balls)",7.934349315068495,70.68248287671234,18.25,1.3904109589041096,8,146
-3.5,"ease?
model
Okay, let's talk about quantum mechanics! It's a really tricky thing to explain, and honestly, even scientists don't completely understand it. But I can give you a good basic idea of what it is and some of its weirdest ideas. 

**The Big Picture: It's Different From What We're Used To**

We live in a world that feels like it works like a really big, smooth machine. Things have a certain place, a certain speed, and you can usually know both things really well.  Quantum mechanics says that's not true at the really, really small level – like the world of tiny things like atoms and the stuff inside them. 

**Here's a breakdown of the key ideas:**

**1.  Everything is Made of Tiny Bits:**

* **Things are made of tiny things:**  Everything you see – you, me, a table, a star – is made of tiny things called **particles",7.934349315068495,70.68248287671234,18.25,1.3904109589041096,8,146
-3.25,"ease?
model
Okay, let's talk about quantum mechanics! It's a really tricky thing to explain, and honestly, even scientists don't completely understand it. But I can give you a breakdown of the main ideas, trying to make it as clear as possible. 

**The Big Picture: It's Different From What We're Used To**

Our everyday world, the world we see and feel, is ruled by **classical physics**.  Think about throwing a ball: you can predict where it will go based on how you throw it, how hard you throw it, and the things it hits.  It's predictable.

Quantum mechanics is the physics that describes how things work at the really, really small: atoms, tiny particles like electrons, and the stuff they're made of. And it's *not* like that. It's weird, it's confusing, and it says that things don't always have a clear, definite thing about",7.982777777777777,69.89000000000001,18.0,1.4027777777777777,8,144
-3.0,"ease?
model
Okay, let's talk about quantum mechanics! It's a really tricky subject, and honestly, even scientists don't fully understand it. But I can give you a breakdown of the main ideas, trying to make it as clear as possible. 

**The Big Picture: It's Different From What We're Used To**

Our everyday world, the world we see and feel, is described by **classical physics**.  Think about a ball rolling down a hill – you can predict where it will go based on how you push it, how it bounces, and the rules of gravity.  

Quantum mechanics is the physics that describes how things work at the really, really small level – like atoms, tiny particles like electrons, and the stuff they're made of. And it's *weird*. It doesn't work the way we expect.

**Here are the Key Ideas:**

1. **Everything is Made of Tiny Bits:**
   * **",6.7380489510489525,72.22399650349652,14.3,1.4195804195804196,10,143
-2.75,"ease?
model
Okay, let's talk about quantum mechanics! It's a really tricky subject, and honestly, even physicists don't fully understand *why* it works the way it does. But we can explain the basic ideas. Here's a breakdown, broken down into different levels of detail:

**1. The Big Picture: It's Different From What We're Used To**

Our everyday experience is based on **classical physics** – things we see and feel.  Things are:

* **Predictable:** If you know how a ball is thrown, you can predict where it will go.
* **Have a definite position and speed:** A ball is *here* and moving *this fast*.
* **Made of things that are solid and have a clear shape:** You can touch a ball and know it's there.

Quantum mechanics says that this isn't true at the really, really small level – the world of atoms and tiny particles like",7.424964539007092,69.73333333333333,15.666666666666666,1.4326241134751774,9,141
-2.5,"ease?
model
Okay, let's talk about quantum mechanics! It's a really tricky subject, and honestly, even physicists don't fully understand *why* it works the way it does. But we can break it down into some key ideas. 

**The Big Picture: It's Different From What We're Used To**

Our everyday experience is based on what we call ""classical"" physics – things like how a ball rolls, how a car moves, how light travels.  Classical physics is really good at describing these things. But when you get down to the really, really small – like the size of atoms and tiny particles like electrons – things get weird. That's where quantum mechanics comes in.

**Here are the core ideas:**

1. **Everything is Made of Tiny Bits (Quantum):**
   *  Instead of thinking of things as made of tiny little balls, quantum mechanics says that everything is made of tiny packets of energy called **quanta",8.199047619047622,65.3709523809524,16.333333333333332,1.4761904761904763,9,147
-2.25,"ease?
model
Okay, let's talk about quantum mechanics! It's a really tricky subject, and honestly, even physicists don't fully understand *why* it works the way it does. But we can break it down into some key ideas. 

**The Big Picture: It's Different From What We're Used To**

Our everyday experience is based on what we call ""classical physics."" This is the physics of things we can see and touch – things that move in predictable ways. A ball thrown in the air follows a curve, a car moves in a straight line if you push it, and so on. 

Quantum mechanics deals with the really, really small – things like atoms, electrons, and tiny particles. And at this level, things don't work the way we expect. It's weird, it's counterintuitive, and it's incredibly successful at explaining how the world works at its smallest level.

**Here are some of the core",7.0049729729729755,71.20083783783787,14.8,1.4256756756756757,10,148
-2.0,"ease?
model
Okay, let's tackle quantum mechanics! It's a really tricky subject, and honestly, even physicists argue about the best way to explain it. It's not like regular, everyday physics. Here's a breakdown, trying to make it understandable without getting *too* deep into the math:

**1. The Big Problem with Old Physics (Classical Physics)**

Before quantum mechanics, we had ""classical physics"" – things like Newton's laws of motion and Einstein's theory of gravity. These worked great for describing things we could see and touch: planets moving around the sun, a ball rolling down a hill, etc.  But they broke down when we started looking at really, really small things:

* **Things are predictable:** Classical physics said that if you know the position and speed of something, you can predict exactly where it will be and what it will do.
* **Things have definite properties:** A ball is *always* in one place,",9.723648648648648,58.2993918918919,18.5,1.5337837837837838,8,148
-1.75,"ease?
model
Okay, let's tackle quantum mechanics! It's a really tricky subject, and honestly, even physicists argue about the best way to explain it. It's fundamentally different from how we experience the world every day. Here's a breakdown, trying to break it down into manageable pieces:

**1. The Big Picture: It's About the Really Small**

* **Classical Physics vs. Quantum Mechanics:**  Classical physics (Newton's laws, etc.) works great for things we can see and touch – apples falling, cars moving, planets orbiting. But it breaks down when you get down to the really, really small: atoms, electrons, and the particles that make them up.
* **Quantum Mechanics is the Rules for the Tiny:** It's the set of rules that describes how these tiny things behave. It's not that classical physics is *wrong*, it's just *not good enough* at this scale.


**2. Key Ideas",8.244285714285716,60.890714285714296,14.0,1.5571428571428572,10,140
-1.5,"ease?
model
Okay, let's tackle quantum mechanics! It's notoriously tricky, and honestly, even physicists argue about the best way to explain it. It's a whole different way of thinking about how the world works at the smallest scales – the world of atoms and the particles that make them up. 

Here's a breakdown, broken down into manageable pieces, starting with the basics and building up:

**1. The Problem with Classical Physics**

Before quantum mechanics, we had ""classical physics"" (think Newton, Einstein, etc.). It worked great for describing things we could see and touch – how a ball rolls, how a planet orbits the sun, how light travels. But it broke down when we started looking at really, really small things:

* **Things are sometimes particles, sometimes waves:**  Light, for example, was thought of as waves. But it also acted like tiny particles (photons) when it hit things.  It was confusing!
*",8.680680272108845,61.917891156462616,16.333333333333332,1.5170068027210883,9,147
-1.25,"ease?
model
Okay, let's tackle quantum mechanics! It's notoriously tricky, and honestly, even physicists argue about the best way to explain it. It's a whole different way of thinking about how the universe works at the smallest scales – the world of atoms and the particles that make them up. 

Here's a breakdown, broken down into manageable chunks, starting with the basics and building up:

**1. The Problem with Classical Physics**

Before quantum mechanics, we had ""classical physics"" (Newton, Einstein, etc.). It worked great for describing things we could see and touch – planets moving in predictable orbits, balls rolling, etc. But it broke down when we looked at really, really small things:

* **Things are sometimes particles, sometimes waves:**  Light, for example, was thought of as waves. But it also acted like tiny particles (photons) when it hit things.  This was a huge problem.
* **You can know everything",8.612219178082192,59.32147945205483,14.6,1.5684931506849316,10,146
-1.0,"ease?
model
Okay, let's tackle quantum mechanics. It's notoriously tricky, and honestly, even physicists still argue about the best ways to understand it! But I'll break it down into manageable pieces, focusing on the core ideas without getting bogged down in the heavy math.

**The Big Picture: It's Different From Our Everyday Experience**

Classical physics (Newton's laws, etc.) works great for describing how things move when we're dealing with big things like cars, planets, and baseballs. But it breaks down when we look at the *really* small – atoms, electrons, and even smaller particles. That's where quantum mechanics comes in. It describes how these tiny things behave, and it's fundamentally different from how we're used to thinking about the world.

**Here are the key concepts:**

1. **Quantization:** This is where the name ""quantum"" comes from. It means that energy, like light and electricity, isn",8.3765034965035,58.16167832167835,13.0,1.6013986013986015,11,143
-0.75,"ease?
model
Okay, let's tackle quantum mechanics! It's notoriously tricky, and honestly, even physicists still debate some of its implications. But I'll break it down into manageable chunks, focusing on the core ideas without getting bogged down in the heavy math.

**The Big Picture: It's a Different Kind of Physics**

Classical physics (Newton's laws, gravity, etc.) works great for describing the world we see every day – how a ball rolls, how a car moves, how planets orbit. But it breaks down when you get to the really, really small: atoms, electrons, and the particles that make them up. That's where quantum mechanics comes in. It describes how these tiny things behave, and it's *weird*.

**Here are the key concepts:**

1. **Quantization:** This is where the name ""quantum"" comes from. It means that energy, momentum, and other properties aren't continuous like a ramp. Instead",7.881398601398601,61.71132867132869,13.0,1.5594405594405594,11,143
-0.5,"ease?
model
Okay, let's tackle quantum mechanics. It's notoriously difficult to explain simply, because it's fundamentally different from our everyday experience. Here's a breakdown, aiming for a balance between accuracy and accessibility, broken down into key concepts:

**1. The Problem with Classical Physics**

Before quantum mechanics, we had classical physics (Newton, Einstein, etc.) which worked incredibly well for describing the world of large objects – planets, cars, baseballs.  However, it started to break down when we looked at the *really* small: atoms, electrons, and photons (light particles).  Classical physics couldn't explain things like:

* **Blackbody Radiation:**  Classical physics predicted that a heated object would emit an infinite amount of energy at high frequencies, which clearly didn't happen.
* **The Photoelectric Effect:**  Light hitting a metal surface could knock electrons loose, but the energy of the electrons didn't depend on the *intensity*",13.369384057971015,29.93494565217395,17.25,1.8840579710144927,8,138
-0.25,"ease?
model
Okay, let's tackle quantum mechanics. It's notoriously difficult to explain simply, because it challenges our everyday intuitions about how the world works. Here's a breakdown, aiming for a balance between accuracy and accessibility, broken down into key concepts:

**1. The Basic Idea: It's Weird at the Smallest Scales**

Classical physics (Newton's laws, etc.) works great for describing things we see and interact with every day – a ball rolling, a car moving, the planets orbiting the sun. But when you zoom in to the incredibly tiny world of atoms and subatomic particles (electrons, photons, etc.), things get… strange. Quantum mechanics is the theory that describes this strange behavior.

**2. Key Concepts – The Core Weirdness**

* **Quantization:** This is where the name ""quantum"" comes from. It means that energy, momentum, and other properties aren't continuous like a ramp. Instead, they come in discrete",9.720601792573625,48.363258642765715,12.909090909090908,1.7183098591549295,11,142
0.0,"ease?
model
Okay, let's tackle quantum mechanics. It's notoriously difficult to explain simply, because it fundamentally challenges our everyday intuitions about how the world works. Here's a breakdown, aiming for a balance between accuracy and accessibility:

**1. The Core Idea: The World is Fuzzy and Probabilistic**

Classical physics (Newton's laws, etc.) describes the world as predictable and deterministic. If you know the position and velocity of an object, you can predict its future. Quantum mechanics says this isn't true at the smallest scales – the realm of atoms and subatomic particles. Instead, it's:

* **Probabilistic:** We can only predict the *probability* of a particle being in a certain state or location.  It's like flipping a coin – you can't know for sure if it will land heads or tails, but you can calculate the probability.
* **Fuzzy:** Particles don't have definite properties until we measure them",10.971943661971835,41.69101408450703,14.2,1.7816901408450705,10,142
0.25,"ease?
model
Okay, let's tackle quantum mechanics. It's notoriously difficult to grasp, and honestly, even physicists debate its interpretation! But I'll break it down into digestible chunks, focusing on the core concepts and avoiding overly complex math.

**1. The Basic Idea: The World is Fuzzy and Probabilistic**

Classical physics (Newton's laws, etc.) describes the world as predictable and deterministic. If you know the position and velocity of an object, you can predict its future. Quantum mechanics throws a wrench into that. It says:

* **Quantization:** Energy, momentum, angular momentum, and other properties aren't continuous like a ramp. Instead, they come in discrete packets called ""quanta."" Think of it like stairs instead of a ramp – you can only stand on specific steps, not in between.
* **Probability:**  Instead of knowing exactly where something *is*, we can only calculate the *probability* of finding it in a particular place.",10.739065656565657,41.38522727272729,13.090909090909092,1.7986111111111112,11,144
0.5,"ease?
model
Okay, let's tackle quantum mechanics. It's notoriously difficult to grasp, and honestly, even physicists debate its interpretations! But I'll break it down into digestible chunks, focusing on the core concepts and avoiding overly complex math.

**1. The Classical World vs. The Quantum World**

* **Classical Mechanics (Newton):** This is the physics we experience in our everyday lives. Objects have definite positions and velocities. We can predict their future behavior with reasonable accuracy if we know their initial conditions. Think of a ball thrown in the air – its trajectory is predictable.
* **Quantum Mechanics:** This describes the behavior of matter and energy at the atomic and subatomic levels (electrons, photons, etc.). It's *radically* different. Here, things aren't so certain.

**2. Key Concepts – The Weirdness Begins**

* **Quantization:** The word ""quantum"" comes from ""discrete,"" meaning limited to specific values. Energy,",11.08439781021898,35.92737530413626,11.416666666666666,1.8832116788321167,12,137
0.75,"ease?
model
Okay, let's tackle quantum mechanics. It's notoriously difficult to grasp, and honestly, even physicists debate its interpretation! But I'll break it down into digestible chunks, focusing on the core concepts and avoiding overly complex math.

**1. The Classical World vs. The Quantum World**

* **Classical Mechanics (Newtonian Physics):** This is the physics we experience in our everyday lives. It describes objects as having definite positions and velocities, behaving predictably based on forces. Think of a ball rolling down a hill – you can predict where it will be at any given time.
* **Quantum Mechanics:** This describes the behavior of matter and energy at the atomic and subatomic levels (electrons, photons, etc.). It's *radically* different. Here, things aren't so certain.

**2. Key Concepts – The Weirdness Begins**

* **Quantization:** The word ""quantum"" comes from ""discrete,"" meaning it comes in specific,",10.627856668878568,41.0491108161911,12.454545454545455,1.8102189781021898,11,137
1.0,"ease?
model
Okay, let's tackle quantum mechanics. It's notoriously difficult to grasp, and honestly, even physicists debate its interpretations! But I'll break it down into digestible chunks, focusing on the core concepts and avoiding overly complex math.

**1. The Classical World vs. The Quantum World**

* **Classical Mechanics (Newtonian Physics):** This is the physics we experience daily – objects have definite positions and velocities, gravity acts predictably, and cause precedes effect. Think of a billiard ball rolling across a table. We can predict exactly where it will be and how fast it will be moving.
* **Quantum Mechanics:** This describes the behavior of matter and energy at the atomic and subatomic levels (electrons, photons, etc.). It's fundamentally *different* from classical mechanics. Here, things get weird.

**2. Key Concepts – The Weirdness Begins**

* **Quantization:** The word ""quantum"" comes from ""discrete,"" meaning limited to specific,",11.15544800523218,37.590385873119715,12.636363636363637,1.8489208633093526,11,139
1.25,"ease?
model
Okay, let's tackle quantum mechanics. It's notoriously difficult to grasp, and frankly, even physicists debate its interpretation! But I'll break it down into digestible chunks, focusing on the core concepts and avoiding overly complex mathematics.

**1. The Classical World vs. The Quantum World**

* **Classical Mechanics (Newtonian Physics):** This is the physics we experience daily – objects have definite positions and velocities, forces cause predictable motion, and events unfold in a deterministic manner. Think of a billiard ball rolling across a table. We can predict exactly where it will end up.
* **Quantum Mechanics:** This describes the behavior of matter and energy at the atomic and subatomic levels (electrons, photons, etc.). It's fundamentally *different* and often counterintuitive. Here's where things get weird:

**2. Key Concepts of Quantum Mechanics**

* **Quantization:** The word ""quantum"" itself means ""discrete"" or ""quantized."" This",11.661433311214335,33.63889183808894,12.454545454545455,1.897810218978102,11,137
1.5,"ease?
model
Okay, let's tackle quantum mechanics. It's notoriously difficult to grasp, and frankly, even physicists debate its interpretations. However, I'll break it down into digestible chunks, focusing on the core concepts and avoiding overly technical jargon.

**1. The Classical World vs. The Quantum World**

* **Classical Mechanics (Newtonian Physics):** This is the physics we experience daily – objects have definite positions and velocities, forces cause predictable motion, and events unfold in a deterministic manner. Think of a billiard ball rolling across a table – you can predict its trajectory with reasonable accuracy.
* **Quantum Mechanics:** This describes the behavior of matter and energy at the atomic and subatomic levels (electrons, photons, etc.). It's fundamentally *different* from classical mechanics. Here's where things get weird:

**2. Key Concepts of Quantum Mechanics**

* **Quantization:** The word ""quantum"" itself means ""discrete"" or ""quantized."" This means",12.750080291970804,28.0521277372263,13.7,1.948905109489051,10,137
1.75,"ease?
model
Okay, let's tackle quantum mechanics. It's notoriously difficult to grasp, and frankly, even physicists debate its interpretations. However, I'll break it down into digestible chunks, focusing on the core concepts and avoiding overly technical jargon.

**1. The Classical World vs. the Quantum World**

* **Classical Mechanics (Newtonian Physics):** This is the physics we experience daily – objects have definite positions and velocities, forces cause predictable motion, and events unfold in a deterministic manner (if you know the initial conditions, you can predict the future). Think of a billiard ball rolling across a table.
* **Quantum Mechanics:** At the atomic and subatomic level, the universe behaves radically differently. It's probabilistic, counterintuitive, and fundamentally uncertain.  Instead of definite properties, particles often exist in a state of *superposition*.

**2. Key Concepts of Quantum Mechanics**

* **Quantization:** The word ""quantum"" itself signifies ""discrete"" or",13.392000000000003,23.628000000000014,13.8,2.0,10,138
2.0,"ease?
model
Okay, let's tackle quantum mechanics. It's notoriously difficult to grasp, and frankly, even physicists debate its interpretations. However, I'll break it down into core concepts, aiming for clarity without drowning you in equations.

**The Short Version: Reality at the Microscopic Level is Weird**

Classical physics (Newtonian mechanics, electromagnetism) describes the macroscopic world – how planets orbit, how projectiles behave, etc. – with remarkable accuracy. But when we zoom in to the realm of atoms and subatomic particles, classical physics breaks down. Quantum mechanics is the theory that governs this microscopic world, and it operates under fundamentally different rules.

**Here's a breakdown of the key concepts:**

**1. Quantization:**

* **Classical View:** Energy, momentum, angular momentum, and other properties are continuous – they can take on any value.
* **Quantum View:** These properties are *quantized*, meaning they exist only in discrete, specific values.",12.79344927536232,27.919304347826113,13.8,1.9492753623188406,10,138
2.25,"ease?
model
Okay, let's tackle quantum mechanics. It's notoriously difficult to grasp, and frankly, even physicists debate its interpretations. However, I'll break it down into core concepts, aiming for accessibility rather than mathematical rigor.

**The Short Version: Reality at the Microscopic Level is Weird**

Classical physics (Newtonian mechanics, electromagnetism) describes the macroscopic world – how planets orbit, how projectiles behave, etc. – with remarkable accuracy. But when we zoom in to the realm of atoms and subatomic particles, classical physics breaks down. Quantum mechanics governs this realm, and it introduces concepts that are profoundly counterintuitive.

**Here's a breakdown of the key ideas:**

**1. Quantization:**

* **Classical View:** Energy, momentum, angular momentum, and other quantities can take on any continuous value. Think of a dimmer switch – you can set it to any brightness level.
* **Quantum View:** These quantities are *quantized*, meaning they",12.389683794466404,28.579624505928876,12.545454545454545,1.9565217391304348,11,138
2.5,"ease?
model
Okay, let's tackle quantum mechanics. It's notoriously complex and counterintuitive, so I'll break it down into digestible components, aiming for a conceptual understanding rather than a rigorous mathematical treatment. Here's a layered explanation, progressing from foundational concepts to slightly more advanced ideas:

**1. The Classical World vs. the Quantum World – A Fundamental Shift**

* **Classical Mechanics (Newtonian Physics):** This is the physics we experience daily. Objects possess definite properties – position, momentum, velocity – at all times. We can predict their behavior with reasonable accuracy based on these properties. Think of a billiard ball: its trajectory is deterministic.
* **Quantum Mechanics:** At the atomic and subatomic level, the rules change dramatically.  Particles don't possess definite properties *until* they are measured. Instead, they exist in a state of *potentiality*, described by probabilities.  It's not that we *lack* knowledge; it's that the",12.238478260869567,27.801630434782652,11.5,1.9782608695652173,12,138
2.75,"ease?
model
Okay, let's tackle quantum mechanics. It's notoriously complex and counterintuitive, so I'll aim for a progressively detailed explanation, starting with the core concepts and building from there. Be warned – complete mastery requires significant study, but this should provide a solid foundation.

**1. The Classical World vs. the Quantum World – A Fundamental Shift**

Classical mechanics (Newtonian physics) describes the macroscopic world – the motion of planets, projectiles, and everyday objects. It operates on principles of determinism: if you know the initial conditions (position and velocity) of an object, you can predict its future trajectory with certainty.

Quantum mechanics governs the microscopic realm – atoms, subatomic particles (electrons, protons, neutrons), and photons. Here, the rules are radically different. Determinism largely breaks down, and probabilities reign supreme.

**2. Core Principles of Quantum Mechanics**

* **Quantization:** This is arguably the most fundamental concept. ""Quantized"" means",13.132857142857148,25.842142857142846,14.0,1.9714285714285715,10,140
3.0,"ease?
model
Okay, let's tackle quantum mechanics. It's notoriously challenging to grasp, and frankly, even physicists debate its interpretations. However, I'll provide a breakdown of the core concepts, aiming for accessibility without sacrificing accuracy. Here's a progressive explanation, building from foundational ideas:

**1. The Classical Realm vs. the Quantum Realm – A Fundamental Shift**

* **Classical Mechanics (Newtonian Physics):** This describes the macroscopic world – billiard balls, planets, projectiles. It operates on principles of determinism: if you know the initial position and velocity of an object, you can precisely predict its future trajectory.  It's continuous – quantities like position and momentum can take on any value.
* **Quantum Mechanics:** This governs the microscopic world – atoms, subatomic particles (electrons, protons, neutrons), and photons. It introduces fundamentally counterintuitive concepts that challenge our classical intuitions.  It's probabilistic, not deterministic.

**2. Core Principles of",13.796018518518522,16.18958333333336,11.25,2.1185185185185187,12,135
3.25,"ease?
model
Okay, let's tackle quantum mechanics. It's notoriously counterintuitive, and frankly, even physicists grapple with its subtleties. I'll aim to provide a foundational understanding, breaking it down into key concepts and avoiding overly technical jargon.

**1. The Classical Realm vs. the Quantum Realm – A Fundamental Shift**

Classical mechanics (Newtonian physics) describes the macroscopic world – the motion of planets, projectiles, and everyday objects. It operates on principles of determinism: if you know the initial conditions (position and velocity), you can predict the future state with certainty.

Quantum mechanics governs the microscopic realm – atoms, subatomic particles (electrons, protons, neutrons, etc.). Here, the rules are radically different. Determinism largely breaks down, and probabilities reign.

**2. Core Principles of Quantum Mechanics:**

* **Quantization:** This is arguably the namesake of the field. Energy, momentum, angular momentum, and other properties are not continuous but exist in discrete,",13.343842682140558,22.224545454545478,12.818181818181818,2.028368794326241,11,141
3.5,"ease?
model
Okay, let's tackle quantum mechanics. It's notoriously counterintuitive, and frankly, even physicists grapple with its subtleties. I'll aim to provide a foundational understanding, breaking it down into key concepts and avoiding excessive mathematical formalism.

**1. The Classical Realm vs. the Quantum Realm – A Fundamental Shift**

Classical mechanics (Newtonian physics) describes the macroscopic world – the motion of planets, projectiles, and everyday objects. It operates on principles of determinism: if you know the initial conditions (position and velocity) of an object, you can predict its future trajectory with certainty.

Quantum mechanics governs the microscopic realm – atoms, subatomic particles (electrons, protons, neutrons), and photons. Here, the rules are radically different.  Key departures include:

* **Quantization:** Energy, angular momentum, and other properties are not continuous but exist in discrete, quantized units.  Think of it like a staircase rather than a ramp – you can only occupy specific steps",13.544055555555556,23.60650000000001,14.4,1.9930555555555556,10,144
3.75,"ease?
model
Okay, let's tackle quantum mechanics. Brace yourself – it's notoriously counterintuitive, and even physicists grapple with its subtleties. I'll provide a progressively detailed explanation, aiming for accessibility without sacrificing core concepts.

**1. The Classical Realm vs. the Quantum Realm – A Fundamental Shift**

Classical mechanics (Newtonian physics) describes the macroscopic world – projectiles, planetary orbits, fluid dynamics – with precision. It operates on deterministic principles: if you know the initial conditions (position and velocity), you can predict the future state with certainty.

Quantum mechanics governs the microscopic realm – atoms, subatomic particles (electrons, protons, neutrons, quarks), and their interactions. Here, the rules are radically different.  Key departures include:

* **Quantization:** Energy, angular momentum, and other properties are not continuous but exist in discrete, quantized values.  Think of it like a staircase rather than a ramp – you can only occupy specific steps, not interstitial positions.
*",14.144285714285715,18.590714285714313,14.0,2.057142857142857,10,140
4.0,"ease?
model
Okay, let's tackle quantum mechanics. Brace yourself – it's notoriously counterintuitive, and even physicists grapple with its subtleties. I'll provide a progressively nuanced explanation, aiming for accessibility without sacrificing core concepts.

**1. The Classical Realm vs. the Quantum Realm – A Fundamental Shift**

Classical mechanics, the physics governing macroscopic phenomena (apples falling, planetary orbits, billiard balls), operates on deterministic principles.  Essentially, if you know the initial position and momentum of an object, you can predict its future trajectory with near-perfect accuracy.  It's a continuous, predictable universe.

Quantum mechanics, however, governs the behavior of matter and energy at the atomic and subatomic scales. And it's profoundly *non-deterministic*.  Probabilistic descriptions reign supreme.  Here's the core divergence:

* **Quantization:** Energy, momentum, angular momentum, and other properties are not continuous but exist in discrete, quantized units – like steps on a staircase",14.393582887700536,13.888850267379723,12.363636363636363,2.1323529411764706,11,136
4.25,"ease?
model
Okay, let's tackle quantum mechanics. Brace yourself – it's notoriously counterintuitive, and even physicists grapple with its subtleties. I'll provide a progressively nuanced explanation, aiming for accessibility without sacrificing core concepts.

**1. The Classical Realm vs. the Quantum Realm – A Fundamental Shift**

Classical mechanics, the physics governing macroscopic phenomena (apples falling, planetary orbits, billiard balls), operates on deterministic principles.  Given initial conditions, we can predict with near-perfect accuracy where an object will be and how it will evolve.  It's continuous and predictable.

Quantum mechanics, however, governs the behavior of matter and energy at the atomic and subatomic scales.  Here, the rules are radically different.  It's characterized by:

* **Quantization:** Energy, momentum, angular momentum, and other properties are not continuous but exist in discrete, quantized values – like steps on a staircase rather than a continuous ramp.  (Hence, ""quantum"").",13.78365693430657,20.641908759124135,13.7,2.0364963503649633,10,137
4.5,"ease?
model
Okay, let's tackle quantum mechanics. Brace yourself – it's notoriously counterintuitive, and even physicists grapple with its subtleties. I'll provide a progressively elucidating explanation, aiming for accessibility without sacrificing core concepts.

**1. The Classical Realm vs. the Quantum Realm – A Fundamental Shift**

Classical mechanics, the physics governing macroscopic phenomena (Newtonian mechanics), operates on deterministic principles.  Objects exhibit well-defined positions, velocities, and trajectories. If you know the impetus of a billiard ball, you can predict its subsequent motion with near-perfect accuracy.

Quantum mechanics, however, governs the behavior of matter and energy at the atomic and subatomic scales.  Here's where the radical departures begin:

* **Quantization:** Energy, momentum, angular momentum, and other properties are not continuous but exist in discrete, quantized values.  Think of a staircase – you can only occupy specific steps, not interstitial positions.  Planck's hypothesis formalized this, asserting",14.612872200263507,12.640494071146264,12.545454545454545,2.1449275362318843,11,138
4.75,"ease?
model
Okay, let's tackle quantum mechanics. Brace yourself – it's notoriously counterintuitive, and even physicists grapple with its subtleties. I'll provide a progressively elucidating explanation, aiming for accessibility without sacrificing core concepts.

**1. The Classical Realm vs. the Quantum Realm – A Fundamental Shift**

Classical mechanics, the physics governing macroscopic phenomena (Newtonian mechanics), operates on deterministic principles.  Objects exhibit well-defined positions, velocities, and trajectories. If you know the impetus of a billiard ball, you can predict its subsequent trajectory with near-perfect accuracy.

Quantum mechanics, however, governs the behavior of matter and energy at the atomic and subatomic scales.  Here's where the radical departures commence:

* **Probabilistic Nature:**  Unlike classical mechanics, quantum mechanics fundamentally postulates that properties of microscopic entities (electrons, photons, etc.) are not fixed but probabilistic. We cannot definitively state *where* an electron is or *how fast* it's proceeding",15.040408432147562,9.575276679841949,12.545454545454545,2.181159420289855,11,138
5.0,"ease?
model
Okay, elucidating quantum mechanics is notoriously challenging, even for physicists! It represents a paradigm shift in how we conceptualize the underlying nature of reality. Here's a breakdown, progressing from heuristic concepts to more substantive details, aiming for accessibility without sacrificing core fidelity: tenets of the theory.  Expect caveats – this is a highly compressed exposition.

**1. The Classical Realm vs. the Quantum Realm – A Fundamental Divergence**

* **Classical Mechanics (Newtonian Physics):** Prior to quantum mechanics, physics operated under the precepts of Newtonian mechanics. This framework posits that:
    * **Determinism:** Given initial conditions, the future state of a system is precisely predictable.  Ephemerality and causality are paramount.
    sochasticity: phenomena are governed by deterministic equations.
    * **Continuity and Granularitylessness:** Physical quantities (position, momentum, energy) assumed to be continuous and amenable to arbitrary precision.
    * **Locality:** An object is",16.00816131237184,1.8273889268626249,12.090909090909092,2.2781954887218046,11,133
