requested_grade,actual_grade,flesch_reading_ease,avg_sentence_length,avg_syllables_per_word,word_count,response
5,5.743622448979593,75.70227040816327,12.25,1.403061224489796,196,"systemYou are a helpful assistant. Please ensure responses are professional, accurate, and safe.
userPlease explain quantum mechanics at a 5th grade reading level.
assistantSure, I'd be happy to explain quantum mechanics in a way that's easy to understand!

Quantum mechanics is a part of science that helps us understand how the smallest things in the universe work. These tiny things are so small that we can't see them with our eyes. They're called particles.

Imagine if you had a toy car. In the world we see every day, the car would always be in one place. If it was on the table, it would stay on the table unless you moved it. But in the world of quantum mechanics, things are a bit different. 

In this tiny world, particles can be in two places at once! It's like if your toy car was on the table and in your pocket at the same time. This might sound strange, but it's a real thing that happens in the quantum world.

Another interesting thing about quantum mechanics is that particles can also be in different places at the same time. It's like if your toy car could be"
6,7.445428571428575,67.12700000000002,14.285714285714286,1.48,200,"systemYou are a helpful assistant. Please ensure responses are professional, accurate, and safe.
userPlease explain quantum mechanics at a 6th grade reading level.
assistantQuantum mechanics is a branch of science that helps us understand how the smallest particles in the universe behave. These particles are so tiny that we can't see them with our eyes. They are called atoms and molecules.

In the world of quantum mechanics, things can be in two places at once, or they can be connected to each other even if they are far apart. This is different from what we see in our everyday life. For example, when you drop a ball, it falls down because of gravity. But in the quantum world, particles can do things that seem to break the rules of physics.

Quantum mechanics also tells us that particles can act like waves, and waves can act like particles. This is a bit like saying a car can be a wave. It's a bit strange, but it helps scientists understand how the smallest things in the universe work.

In short, quantum mechanics is a way for scientists to understand the rules that tiny particles follow, and these rules are very different from"
7,6.936250000000005,67.37437500000003,12.375,1.5,198,"systemYou are a helpful assistant. Please ensure responses are professional, accurate, and safe.
userPlease explain quantum mechanics at a 7th grade reading level.
assistantQuantum mechanics is a branch of science that helps us understand how the smallest particles in the universe behave. These particles are so tiny that we can't see them with our eyes. They are called atoms and molecules.

In the world of quantum mechanics, things can be in two places at once, or they can be connected to each other even if they are far apart. This is different from what we see in our everyday life. For example, when you drop a ball, it falls down because of gravity. But in the quantum world, particles can do things that seem to break the rules of physics.

Quantum mechanics also tells us that particles can act like waves and waves like particles. This is called wave-particle duality. It's like a cat that can be both asleep and awake at the same time!

Another important concept in quantum mechanics is uncertainty. It means that we can't know both the position and the speed of a particle at the same time. The more accurately we know one"
8,8.600408163265307,62.493401360544254,16.333333333333332,1.510204081632653,196,"systemYou are a helpful assistant. Please ensure responses are professional, accurate, and safe.
userPlease explain quantum mechanics at a 8th grade reading level.
assistantQuantum mechanics is a branch of science that helps us understand how the smallest particles in the universe behave. These particles are so tiny that we can't see them with our eyes, but they make up everything around us, from the air we breathe to the food we eat.

In the world of quantum mechanics, things can act in strange ways. For example, particles can be in two places at the same time, or they can be connected to each other even if they're far apart. This is different from what we see in our everyday life, where things have a specific location and we can only interact with them if they're close by.

Another interesting thing about quantum mechanics is that particles can behave like both particles and waves. This means they can act like tiny balls (particles) and also spread out like ripples in a pond (waves). 

Quantum mechanics also tells us that we can't know everything about a particle at once. For instance, we can't know exactly where a particle"
9,9.613909090909093,58.51945454545455,18.181818181818183,1.535,201,"systemYou are a helpful assistant. Please ensure responses are professional, accurate, and safe.
userPlease explain quantum mechanics at a 9th grade reading level.
assistantQuantum mechanics is a branch of science that helps us understand how the smallest particles in the universe behave. These particles are so tiny that we can't see them with our eyes, but they make up everything around us, from the air we breathe to the food we eat.

In the world of quantum mechanics, things can be in two places at once, or they can be connected to each other even if they're far apart. This is different from what we see in our everyday life, where objects have a specific location and we can only interact with things that are close by.

One of the most important ideas in quantum mechanics is that particles can exist in a state called ""superposition."" This means that a particle can be in multiple states at the same time until we observe it. For example, an electron (a tiny particle in an atom) can be spinning in multiple directions at once, but when we look at it, it will be spinning in only one direction.

Another important concept is """
10,9.629166666666666,52.29764830508478,14.75,1.6497175141242937,177,"systemYou are a helpful assistant. Please ensure responses are professional, accurate, and safe.
userPlease explain quantum mechanics at a 10th grade reading level.
assistantQuantum mechanics is a branch of physics that describes the behavior of matter and energy at the smallest scales, like atoms and subatomic particles. It's a bit different from the physics we learn in everyday life, which deals with larger objects like cars, planets, and stars.

Here are some key concepts in quantum mechanics:

1. **Wave-Particle Duality**: In quantum mechanics, particles can behave like both particles and waves. For example, light can be a particle (a photon) or a wave, depending on how we observe it.

2. **Uncertainty Principle**: This principle, proposed by Werner Heisenberg, states that we can't know both the position and the momentum of a particle with absolute certainty. The more precisely we know one, the less precisely we can know the other.

3. **Quantum Superposition**: This concept suggests that particles can exist in multiple states or places at the same time until they are observed or measured. It's like Schrödinger"
11,10.893604972375691,43.825969152854526,15.083333333333334,1.7458563535911602,181,"systemYou are a helpful assistant. Please ensure responses are professional, accurate, and safe.
userPlease explain quantum mechanics at a 11th grade reading level.
assistantQuantum mechanics is a branch of physics that describes the behavior of matter and energy at the smallest scales, such as atoms and subatomic particles. It's a bit different from the physics we learn in everyday life, as it doesn't always follow the rules we're used to.

1. **Wave-Particle Duality**: In quantum mechanics, particles can behave like both particles and waves. For example, light can be a particle (a photon) or a wave, depending on how we observe it. This is different from our everyday experience, where objects are either particles or waves.

2. **Uncertainty Principle**: This principle, proposed by Werner Heisenberg, states that we cannot simultaneously know both the position and momentum of a particle with absolute precision. The more accurately we know one of these properties, the less accurately we can know the other. This is not due to any limitations in our measurement tools, but is a fundamental property of nature.

3. **Quantum Superposition**: A"
12,11.08918508287293,42.42375920810315,15.083333333333334,1.7624309392265194,181,"systemYou are a helpful assistant. Please ensure responses are professional, accurate, and safe.
userPlease explain quantum mechanics at a 12th grade reading level.
assistantQuantum mechanics is a branch of physics that describes the behavior of matter and energy at the smallest scales, such as atoms and subatomic particles. It's a bit different from the physics we learn in everyday life, as it doesn't always follow the same rules.

1. **Wave-Particle Duality**: In quantum mechanics, particles can behave like both particles and waves. For example, light can be a particle (photon) or a wave, depending on how we observe it. This is different from our everyday experience, where objects are either particles or waves.

2. **Uncertainty Principle**: This principle, proposed by Werner Heisenberg, states that we cannot simultaneously know both the position and momentum of a particle with absolute precision. The more accurately we know one of these properties, the less accurately we can know the other. This is not due to any limitations in our measurement tools, but rather a fundamental property of nature.

3. **Quantum Superposition**: A quantum system can"
13,9.841363636363635,50.627878787878814,14.666666666666666,1.6704545454545454,176,"systemYou are a helpful assistant. Please ensure responses are professional, accurate, and safe.
userPlease explain quantum mechanics at a 13th grade reading level.
assistantQuantum mechanics is a branch of physics that describes the behavior of matter and energy at the smallest scales, like atoms and subatomic particles. It's a bit different from the physics we learn in everyday life, which deals with larger objects like cars, planets, and stars.

Here are some key concepts in quantum mechanics:

1. **Wave-Particle Duality**: In quantum mechanics, particles can behave like both particles and waves. For example, light can be a particle (a photon) or a wave, depending on how we observe it.

2. **Uncertainty Principle**: This principle, proposed by Werner Heisenberg, states that we cannot simultaneously know the exact position and momentum of a particle. The more precisely we know one, the less precisely we can know the other.

3. **Quantum Superposition**: This concept suggests that particles can exist in multiple states or places at the same time until they are observed or measured. It's like Schrödinger's cat, which"
14,11.297990959316927,43.36899547965848,16.454545454545453,1.7348066298342542,181,"systemYou are a helpful assistant. Please ensure responses are professional, accurate, and safe.
userPlease explain quantum mechanics at a 14th grade reading level.
assistantQuantum mechanics is a branch of physics that describes the behavior of matter and energy at the smallest scales, such as atoms and subatomic particles. It's a bit different from the physics we learn in everyday life, as it doesn't always follow the rules we're used to.

1. **Wave-Particle Duality**: In quantum mechanics, particles can behave like both particles and waves. For example, light can be a particle (a photon) or a wave, depending on how we observe it. This is different from our everyday experience, where objects are either particles or waves.

2. **Uncertainty Principle**: This principle, proposed by Werner Heisenberg, states that we cannot simultaneously know both the position and the momentum of a particle with absolute precision. The more precisely we know one of these properties, the less precisely we can know the other. This is not due to any limitations in our measurement tools, but is a fundamental property of nature.

3. **Quantum Superposition**:"
15,11.072252747252747,42.6935805860806,15.166666666666666,1.7582417582417582,182,"systemYou are a helpful assistant. Please ensure responses are professional, accurate, and safe.
userPlease explain quantum mechanics at a 15th grade reading level.
assistantQuantum mechanics is a branch of physics that describes the behavior of matter and energy at the smallest scales, such as atoms and subatomic particles. It's a bit different from the physics we learn in everyday life, as it doesn't always follow the same rules.

1. **Wave-Particle Duality**: In quantum mechanics, particles can behave like both particles and waves. For example, light can be a particle (a photon) or a wave, depending on how we observe it. This is different from our everyday experience, where objects are either particles or waves.

2. **Uncertainty Principle**: This principle, proposed by Werner Heisenberg, states that we cannot simultaneously know both the position and momentum of a particle with absolute precision. The more accurately we know one of these properties, the less accurately we can know the other. This is not due to any limitations in our measurement tools, but rather a fundamental property of nature.

3. **Quantum Superposition**: A quantum system can"
16,10.7632182320442,44.76077578268877,15.083333333333334,1.7348066298342542,181,"systemYou are a helpful assistant. Please ensure responses are professional, accurate, and safe.
userPlease explain quantum mechanics at a 16th grade reading level.
assistantQuantum mechanics is a branch of physics that describes the behavior of matter and energy at the smallest scales, such as atoms and subatomic particles. It's a bit different from the physics we learn in everyday life, as it doesn't always follow the rules we're used to.

1. **Wave-Particle Duality**: In quantum mechanics, particles can behave like both particles and waves. For example, light can be a particle (a photon) or a wave, depending on how we observe it. This is different from our everyday experience, where objects are either particles or waves.

2. **Uncertainty Principle**: This principle, proposed by Werner Heisenberg, states that we cannot simultaneously know both the position and momentum of a particle with absolute precision. The more precisely we know one of these properties, the less precisely we can know the other. This is not due to any limitations in our measurement tools, but is a fundamental property of nature.

3. **Quantum Superposition**: A"
17,11.790067567567569,37.99248873873876,15.416666666666666,1.8108108108108107,185,"systemYou are a helpful assistant. Please ensure responses are professional, accurate, and safe.
userPlease explain quantum mechanics at a 17th grade reading level.
assistantQuantum mechanics is a branch of physics that describes the behavior of matter and energy at the smallest scales, such as atoms and subatomic particles. It is a fundamental theory in physics that provides a description of the physical properties of nature at the scale of atoms and subatomic particles.

Here are some key concepts in quantum mechanics:

1. Wave-Particle Duality: Quantum mechanics suggests that particles can exhibit both wave-like and particle-like properties. For example, light can behave as both a particle (photon) and a wave.

2. Uncertainty Principle: This principle, formulated by Werner Heisenberg, states that it is impossible to simultaneously know both the exact position and the exact momentum of a particle. The more precisely one property is measured, the less precisely the other can be determined.

3. Superposition: In quantum mechanics, particles can exist in multiple states or places at the same time until they are observed or measured. This is known as the principle of superposition.

4. Quantum"
18,11.853851351351352,37.53519144144144,15.416666666666666,1.8162162162162163,185,"systemYou are a helpful assistant. Please ensure responses are professional, accurate, and safe.
userPlease explain quantum mechanics at a 18th grade reading level.
assistantQuantum mechanics is a branch of physics that describes the behavior of matter and energy at the smallest scales, such as atoms and subatomic particles. It is a fundamental theory in physics that provides a description of the physical properties of nature at the scale of atoms and subatomic particles.

Here are some key concepts in quantum mechanics:

1. Wave-Particle Duality: Quantum mechanics suggests that particles can exhibit both wave-like and particle-like properties. For example, light can behave as both a particle (photon) and a wave.

2. Uncertainty Principle: This principle, formulated by Werner Heisenberg, states that it is impossible to simultaneously know both the exact position and the exact momentum of a particle. The more precisely one property is measured, the less precisely the other can be determined.

3. Superposition: In quantum mechanics, particles can exist in multiple states or positions at the same time until they are observed or measured. This is known as the principle of superposition.

4. Quantum"
19,11.790067567567569,37.99248873873876,15.416666666666666,1.8108108108108107,185,"systemYou are a helpful assistant. Please ensure responses are professional, accurate, and safe.
userPlease explain quantum mechanics at a 19th grade reading level.
assistantQuantum mechanics is a branch of physics that describes the behavior of matter and energy at the smallest scales, such as atoms and subatomic particles. It is a fundamental theory in physics that provides a description of the physical properties of nature at the scale of atoms and subatomic particles.

Here are some key concepts in quantum mechanics:

1. Wave-Particle Duality: Quantum mechanics suggests that particles can exhibit both wave-like and particle-like properties. For example, light can behave as both a particle (photon) and a wave.

2. Uncertainty Principle: This principle, formulated by Werner Heisenberg, states that it is impossible to simultaneously know both the exact position and the exact momentum of a particle. The more precisely one property is measured, the less precisely the other can be determined.

3. Superposition: In quantum mechanics, particles can exist in multiple states or places at the same time until they are observed or measured. This is known as the principle of superposition.

4. Quantum"
20,10.853157894736842,43.28248987854255,14.615384615384615,1.7578947368421052,190,"systemYou are a helpful assistant. Please ensure responses are professional, accurate, and safe.
userPlease explain quantum mechanics at a 20th grade reading level.
assistantQuantum mechanics is a branch of physics that describes the behavior of matter and energy at the smallest scales, such as atoms and subatomic particles. It's a bit different from the physics we learn in everyday life, as it doesn't always follow the same rules.

One of the key ideas in quantum mechanics is that particles can exist in multiple states at the same time, a concept known as superposition. For example, an electron in an atom can be in multiple energy levels simultaneously until it's observed or measured.

Another important concept is wave-particle duality. This means that particles can behave like both particles and waves. For instance, light can act like a particle (a photon) or a wave, depending on how it's observed.

Quantum mechanics also introduces the idea of uncertainty. The famous Heisenberg Uncertainty Principle states that it's impossible to know both the position and momentum of a particle with absolute certainty. The more precisely one property is measured, the less precisely the other can"
